{
   "left" : {
      "center" : {
         "left" : {
            "x" : 101,
            "y" : 5
         },
         "right" : {
            "x" : 0,
            "y" : 0
         }
      },
      "create_time" : "2021-11-04 01:20:33",
      "distortion_coeff" : {
         "left" : {
            "blue" : {
               "k0" : 1,
               "k1" : -0.084890268743038177,
               "k10" : -198586992,
               "k11" : 344738560,
               "k12" : -224233088,
               "k2" : 34.445350646972656,
               "k3" : -1292.2774658203125,
               "k4" : 25589.404296875,
               "k5" : -291047.34375,
               "k6" : 1965806.375,
               "k7" : -7349099.5,
               "k8" : 8982314,
               "k9" : 40552764,
               "p1" : 0.0026661446318030357,
               "p2" : -0.25429055094718933,
               "p3" : 6.6700382232666016,
               "p4" : -0.0016102223889902234,
               "p5" : 0.0036941170692443848,
               "p6" : 1.2920759916305542,
               "s1" : 0.036102991551160812,
               "s2" : -0.44231325387954712,
               "s3" : 0.0031216624192893505,
               "s4" : -0.080092981457710266
            },
            "green" : {
               "k0" : 1,
               "k1" : -1.1784878969192505,
               "k10" : -270796192,
               "k11" : 410412064,
               "k12" : -247965792,
               "k2" : 72.722846984863281,
               "k3" : -2010.53271484375,
               "k4" : 32549.44921875,
               "k5" : -314302.5,
               "k6" : 1774260.25,
               "k7" : -4722851.5,
               "k8" : -5078443,
               "k9" : 82560440,
               "p1" : 0.0037638859357684851,
               "p2" : -0.23837687075138092,
               "p3" : 4.9686374664306641,
               "p4" : 0.00012836340465582907,
               "p5" : -0.031197691336274147,
               "p6" : 1.4389824867248535,
               "s1" : 0.027451882138848305,
               "s2" : -0.27834254503250122,
               "s3" : 0.0029402552172541618,
               "s4" : -0.076313495635986328
            },
            "red" : {
               "k0" : 1,
               "k1" : -0.40167313814163208,
               "k10" : -24634408,
               "k11" : -30729046,
               "k12" : 37641536,
               "k2" : -16.438587188720703,
               "k3" : 1195.487548828125,
               "k4" : -26263.912109375,
               "k5" : 314256.28125,
               "k6" : -2290309.5,
               "k7" : 10512132,
               "k8" : -29791352,
               "k9" : 46941760,
               "p1" : 0.0037743241991847754,
               "p2" : -0.19314421713352203,
               "p3" : 3.8928661346435547,
               "p4" : -0.001129732234403491,
               "p5" : -0.0089347586035728455,
               "p6" : 1.2160274982452393,
               "s1" : 0.022504683583974838,
               "s2" : -0.18811079859733582,
               "s3" : 0.0030052184592932463,
               "s4" : -0.067568011581897736
            }
         },
         "right" : {
            "blue" : null,
            "green" : null,
            "red" : null
         }
      },
      "distortion_coeff_WVR" : {
         "left" : {
            "blue" : {
               "k1" : -0.314441978931427,
               "k2" : 19.000011444091797,
               "k3" : -229.8040771484375,
               "k4" : 1454.489501953125,
               "k5" : -4260.126953125,
               "k6" : 4927.33837890625
            },
            "green" : {
               "k1" : -0.71852403879165649,
               "k2" : 22.665142059326172,
               "k3" : -236.99026489257813,
               "k4" : 1387.0042724609375,
               "k5" : -3892.974365234375,
               "k6" : 4392.62451171875
            },
            "red" : {
               "k1" : -1.0109473466873169,
               "k2" : 28.208873748779297,
               "k3" : -290.99578857421875,
               "k4" : 1651.310546875,
               "k5" : -4512.96533203125,
               "k6" : 4932.78076171875
            }
         },
         "right" : {
            "blue" : null,
            "green" : null,
            "red" : null
         }
      },
      "distortion_coeff_modify" : {
         "left" : {
            "blue" : {
               "k0" : 1,
               "k1" : 0.27800530195236206,
               "k10" : -8092462,
               "k2" : -6.1051874160766602,
               "k3" : 347.11639404296875,
               "k4" : -7858.06591796875,
               "k5" : 98510.6328125,
               "k6" : -729588.6875,
               "k7" : 3289200.75,
               "k8" : -8853760,
               "k9" : 13057252,
               "theta" : 0.24171961843967438
            }
         },
         "right" : {
            "blue" : null
         }
      },
      "enlarge_ratio" : {
         "left" : 1.792055606842041,
         "right" : 0
      },
      "grow_for_undistort" : {
         "left" : 0.79205560684204102,
         "right" : null
      },
      "grow_for_undistort2" : {
         "left" : 0.22594912350177765,
         "right" : null
      },
      "grow_for_undistort3" : {
         "left" : 0.41658481955528259,
         "right" : null
      },
      "grow_for_undistort4" : {
         "left" : 0.40035998821258545,
         "right" : null
      },
      "hmd_model_name" : "C10_2.88",
      "intrinsics" : {
         "left" : [
            [ 1.2572038173675537, 0, 0.16503268480300903 ],
            [ 0, 1.2572038173675537, -0.0081699350848793983 ],
            [ 0, 0, -1 ]
         ],
         "right" : null
      },
      "intrinsics2" : {
         "left" : [
            [ 1.2421778440475464, 0, 0.16503268480300903 ],
            [ 0, 1.2421778440475464, -0.0081699350848793983 ],
            [ 0, 0, -1 ]
         ],
         "right" : null
      },
      "model_type" : "strengthen_high_order",
      "normalizedRadius" : 1860.4783935546875,
      "resolution" : {
         "height" : 2448,
         "width" : 2448
      },
      "scale" : {
         "left" : 0.45880335569381714,
         "right" : 0
      },
      "scale_ratio" : 2,
      "version" : "1.10"
   },
   "right" : {
      "center" : {
         "left" : {
            "x" : 0,
            "y" : 0
         },
         "right" : {
            "x" : -94,
            "y" : -4
         }
      },
      "create_time" : "2021-11-04 11:27:52",
      "distortion_coeff" : {
         "left" : {
            "blue" : null,
            "green" : null,
            "red" : null
         },
         "right" : {
            "blue" : {
               "k0" : 1,
               "k1" : 0.0075568743050098419,
               "k2" : 5.3947792053222656,
               "k3" : -62.834835052490234,
               "k4" : 189.91011047363281,
               "k5" : 11867.046875,
               "k6" : -198575.15625,
               "k7" : 1449447.25,
               "k8" : -5389613,
               "k9" : 8282100,
               "k10" : 6577645,
               "k11" : -38879584,
               "k12" : 37029516,
               "p1" : -0.0040812697261571884,
               "p2" : 0.44790631532669067,
               "p3" : -6.2121100425720215,
               "p4" : 0.0023429139982908964,
               "p5" : 0.025340734049677849,
               "p6" : 0.089936569333076477,
               "s1" : -0.034309767186641693,
               "s2" : 0.37449151277542114,
               "s3" : -0.0059105623513460159,
               "s4" : -0.054030545055866241
            },
            "green" : {
               "k0" : 1,
               "k1" : -1.9644232988357544,
               "k10" : 35362568,
               "k11" : -29847004,
               "k12" : 14944703,
               "k2" : 98.096183776855469,
               "k3" : -2302.64697265625,
               "k4" : 32664.19921875,
               "k5" : -292695.75,
               "k6" : 1716794.5,
               "k7" : -6682653,